"","simmed_RLDDM_learning_rate","simmed_RLDDM_outcome_sensitivity","simmed_RLDDM_go_bias","simmed_RLDDM_pavlovian_bias","simmed_RLDDM_starting_bias","simmed_RLDDM_decision_threshold","posterior_RLDDM_learning_rate","posterior_RLDDM_outcome_sensitivity","posterior_RLDDM_go_bias","posterior_RLDDM_pavlovian_bias","posterior_RLDDM_starting_bias","posterior_RLDDM_decision_threshold"
"1",0.449496982727883,3.37846993483381,1.50923966295577,-2.10691185064383,0.140653479169943,1.47861008975708,0.489562166025473,4.00348913982119,1.44248388153438,-1.86884284922773,0.139721700851834,1.42230968754006
"2",0.534512682859264,3.03132743409648,-1.1553730613971,2.12978273655746,0.765823788028203,1.65318300423559,0.565686873677517,3.52126492258877,-0.597048663357419,1.75089459085239,0.757252521523129,1.77915208715243
"3",0.458114202968295,0.624605859794329,3.67225502002978,1.77006672967849,0.93408372247453,1.034161211879,0.417579974802073,0.634296430800886,1.27855534171161,0.75179493374703,0.763294694639649,0.898858710250555
"4",0.526000412599542,0.343727361959935,-0.914914110064109,-0.230203270800074,0.0777358216074494,2.31844266437098,0.393909789905261,0.633495457937431,-0.496420817325022,-0.556128639874923,0.157414756520206,1.14891359007028
"5",0.392493073530539,1.08571190459049,1.07145194292303,1.80744474526021,0.0837408417967413,2.70140938575752,0.405393737557583,1.5848014451316,1.13540318255798,0.702051811750751,0.135474292370681,1.61725370330242
"6",0.805846676555898,1.81180300331507,1.14581652529916,-1.20126760988223,0.725018529878919,2.25122139453391,0.80129291864998,2.03059100621095,0.872294486989464,-1.12265167303137,0.734193771257978,2.00073247394612
"7",0.531235748963545,1.46850489509815,1.88513268941834,-0.817533791419412,0.571895531974583,4.97399306904331,0.451250446183793,1.67164928841688,1.75163356225746,-0.762779549394759,0.583604405927158,4.54662215165745
"8",0.946484379607967,1.20818598075214,3.95813040064626,-2.26115182102483,0.913588945340256,2.33457248039957,0.817798572856956,1.47822767939994,3.17420223115696,-1.77170347078952,0.86905083387293,2.03874956744356
"9",0.631992895012636,2.3659618242632,-2.69670872949313,0.577094402247748,0.429676444904462,3.19437268062052,0.500000000029839,0.999999998954586,-1.2892417564445e-09,1.34099687808096e-10,0.500000000133854,1.99999998534482
"10",0.539489801557343,2.64666095570669,1.49723515344027,1.96963445281121,0.72170732027349,4.92192531940317,0.492506801548811,2.82152096471728,1.29250835504042,1.8938431194559,0.605426146480154,5.54677435237809
"11",0.137053353203771,0.118805895504528,-0.641363177702963,-0.966887003439371,0.0170408551435411,2.72854632903251,0.488303786995769,0.502540039663985,-0.395095181786292,-0.569268672586903,0.053620745816849,1.02590338445509
"12",0.879000348623211,3.26422136481567,2.21990591422005,0.66469899476345,0.560332915566223,3.19135232324162,0.81638677518712,3.295493411867,1.9399122871823,0.63606561322214,0.551674153166326,2.95525098846862
"13",0.942701215966931,0.955021017872264,0.013946361492077,-0.241216646681834,0.807438088261868,2.36892613757795,0.644601219238862,0.89486598712284,-0.0792160802778037,-0.343866695391219,0.549579895856688,3.18196343894458
"14",0.248110774829128,2.29966496837407,2.09499304277153,-1.33053436797157,0.443245853131236,2.92062248147596,0.342932038829568,2.23329949291141,1.94401362577758,-1.24489696496249,0.461376640078566,2.62656910214356
"15",0.917697173915398,0.944055051810091,-2.1773101116931,0.302169231083084,0.334198416937306,2.32663539041456,0.583425096548898,0.700315921888669,-1.37461260732243,0.0543898893428184,0.480079234895185,2.06589690125823
"16",0.194660938718255,0.953521759891555,0.791361617354494,-0.943307962699191,0.446354711757658,2.41318596628673,0.447703676154427,0.867301919795066,0.791293414353266,-0.878231942890425,0.494290869503044,2.09309016592718
"17",0.788531853194615,2.51532047819574,-1.24658352171636,2.22065861536799,0.890647193846089,2.18538131144595,0.64694768760485,2.75995912794901,-0.480506339945714,1.80327541666986,0.833399520716636,2.29226798364556
"18",0.152476213440949,1.23028958311041,-0.79793216971211,0.0830852246961031,0.362919997937593,2.72782091243506,0.505918291318363,0.926163628285622,-0.44710020846035,0.055109275197423,0.524937585452313,1.99346411943824
"19",0.0340902471542233,0.355851767411879,-0.371173810760684,-0.197460847904043,0.853430605104058,4.96934261446267,0.500000000029839,0.999999998954586,-1.2892417564445e-09,1.34099687808096e-10,0.500000000133854,1.99999998534482
"20",0.658025594400848,1.19316666722357,1.41916139823003,2.91970322424397,0.318831899795403,2.28833917519094,0.62825116094259,1.44866416412239,1.43708537231868,2.09232881244728,0.329077671025297,2.15716501873163
"21",0.153531972637835,0.632590268735592,3.13874283186114,-2.49541815951264,0.28986373934487,1.83805629846134,0.49822223433465,0.819997094776937,2.78089521779148,-1.00943162098229,0.313683642177525,1.5620970181703
"22",0.449023350051282,2.18884433576732,0.0874276249016024,2.31487378087698,0.29446639774554,1.49858980756807,0.508456271205604,2.268849973577,0.484942825303675,1.83144087323052,0.297749493678013,1.51641101824152
"23",0.27845664780772,3.26284584864674,1.7030165023575,1.48068743950321,0.0466099441012084,1.73960463585975,0.516169112844764,2.81093302251517,0.354060999916961,0.798187816741943,0.0689433561926119,1.18746576455092
"24",0.784249939872378,2.75695733818091,-0.600583530434746,-0.549570308848673,0.00865206483331882,2.88380235783462,0.563621392371867,2.00336222058358,0.384877213658839,0.154128076154185,0.0548216927376974,0.777854578048365
"25",0.841413952554103,3.52171412063328,-0.411964886719211,-2.16772557087371,0.597308918371075,3.9707165980132,0.741734962349818,4.23784578306664,-0.66061967819941,-1.7994176336857,0.572234041592621,3.89244977035005
"26",0.963455557561815,0.42444758394269,-2.12058676543738,-0.90237789718473,0.223587214703015,3.36084486155662,0.434182110358364,0.533959595772971,-1.58549841843061,-0.225457155103097,0.508250578166536,1.65518413379218
"27",0.561552820737491,3.80242289183628,1.22666270737434,0.353700103789466,0.196770487746445,2.74719735621119,0.561044730082589,3.59991508770674,1.18761842612124,0.467211390003313,0.310069410375384,1.65502354054595
"28",0.0564222695174788,2.6306852043509,2.03894199991404,0.778333849937986,0.387282162402858,3.02839417711817,0.101714841890029,2.20461428188833,2.01093046309329,0.592519437612915,0.437825145595082,2.53068657236649
"29",0.456129922843499,2.91273214806077,3.31065668904286,-1.03356680078536,0.114355081834608,4.56883052859992,0.488389840794974,0.733081727499201,2.94798469081834,-0.444327328231329,0.323824460632651,1.47435662305203
"30",0.951627150372766,1.75162611464079,-0.843141100837371,0.274210742159654,0.785192181310256,3.95496193428801,0.496640359402682,0.844216108533523,-0.42359540209512,0.195780943579156,0.604822079808519,5.66185366958582
"31",0.0347011986458989,0.49081717559388,-3.38142505085465,2.90525120934351,0.52934239257802,3.12520188122374,0.500000000029839,0.999999998954586,-1.2892417564445e-09,1.34099687808096e-10,0.500000000133854,1.99999998534482
"32",0.209662235083463,3.19564485051827,-3.78981497215639,0.00315735138689099,0.518049686351099,2.37348666295299,0.50107498480152,0.983263643624074,-0.100148695185005,0.0335108793129679,0.563653656264193,3.57049316013032
"33",0.131324490557787,1.81059069816133,1.91132622788572,-0.0453095917096098,0.0902644552805668,1.25722416425137,0.438963657989709,1.24383374433175,1.59829151371879,0.19889151189093,0.0790292310620062,1.43080925843067
"34",0.377304100451886,1.62452489256946,3.17755610897523,2.75678729606414,0.00663738279446757,3.28923934287882,0.474956101421722,2.39987805475383,1.88085628062082,0.534882391256486,0.0727690882692563,0.56207306950721
"35",0.231198004582502,3.62423142348645,3.00464658453952,0.365313413139819,0.472733728604575,1.13537073269779,0.260345047175791,3.20257495513817,2.59610448494591,0.548048852331424,0.411783017054749,1.17748980876777
"36",0.656250654583601,2.89224586556763,-3.58122683685515,-2.46215979077647,0.422274984904119,3.09542783686745,0.716001086375335,2.06368964818059,-1.6589105817526,-2.116211932677,0.579217453446619,2.22033501913352
"37",0.888279090333564,2.74487673367248,1.53069200704374,2.64312734335789,0.64900005913427,4.15453671980819,0.811377327059572,3.16723338663329,1.32608749627177,2.30524548353382,0.599996540134955,4.39059635119001
"38",0.0966966673238976,3.15266180731566,2.30565199619606,1.97029338921502,0.889956873182808,1.6061925837918,0.117389892074887,2.43126710450036,2.00280185594421,2.20362415157081,0.844367281337983,1.52475077995365
"39",0.693969781213231,2.8465165872761,1.9643656131777,0.846450898602886,0.742086198245918,4.99865938383306,0.614878308154384,2.68770316282523,1.69713452986975,0.799856787272285,0.603983507532714,5.46372953208883
"40",0.0466523630698492,2.19278087373959,-0.97353542027781,-0.997497897003317,0.336842724525566,2.61013683635483,0.129315688897969,0.929766852609415,-0.542317855369941,-1.38684336088784,0.460844815165167,2.08575817471244
"41",0.654090727371917,0.144223725223448,-2.57258512724264,1.50961250539337,0.354517761759719,3.61164843876613,0.500000000029839,0.999999998954586,-1.2892417564445e-09,1.34099687808096e-10,0.500000000133854,1.99999998534482
"42",0.909216274501829,0.048054695958804,3.54704565150318,-0.794473173022771,0.662724565339305,4.3773564162602,0.469043456179578,0.662038709266972,3.18976747445776,-0.914829115270033,0.584495689207794,4.45592894588841
"43",0.959982949019763,0.852471633967302,-1.71020096246534,2.73434829591437,0.0433643564241728,2.70684049776326,0.753309900557021,2.13705154911236,-1.18924779693478,1.27829504849218,0.148919423895828,0.794916637812068
"44",0.30475857067201,3.31345912650671,-2.83203854127348,-1.97375402554145,0.128917497125865,2.29396679189785,0.276684545745603,3.71195160116903,-2.21256744862614,-1.34785067198069,0.18830712469051,1.50356448457141
"45",0.862640428574208,0.589119619288191,-1.53927049427459,-1.26819696364636,0.341520287463482,2.35891552791442,0.597092047645314,0.821270402660633,-1.09371556499902,-0.964775702529989,0.457751785056549,2.0183742988452
"46",0.741139243804237,1.16625470948091,0.20223240562723,1.33405676837731,0.913755042460857,3.11112981185318,0.490942825635749,1.47345391306649,-0.210034672849476,0.858668183365906,0.583995808220778,4.22082849663545
"47",0.282331083052256,3.75989347114875,-3.72749292613933,2.81214074255325,0.18737278358815,2.23289416328248,0.223667325677621,4.97369896161901,-2.40353702904091,2.04394615908871,0.281619530794679,1.52983874369379
"48",0.891483995439754,2.85872496455594,-1.89075016747599,2.03825323215095,0.238280078109662,3.81658281882546,0.801870310502221,2.64558203806607,-0.786209984534036,2.1469291886759,0.526086387206268,2.04272707159172
"49",0.482608941664703,1.31227543372854,3.41757520389476,0.509089487559238,0.751297839864521,1.73909587742758,0.526500797225129,0.945069541003952,2.8897971787655,0.580108738986019,0.670967749094708,1.694238006563
"50",0.121198847164017,2.50560566645767,1.52697896835164,1.40988914592795,0.404318501227448,1.35371602142767,0.211964824299953,2.47135407041666,1.4797157266946,1.13841939384998,0.333718763635222,1.53867041962278
"51",0.797800759536052,1.55919996752911,3.1002194802241,-1.04968619623413,0.289724149704419,4.56165394455325,0.497612608735831,0.702800723712068,2.84911499562285,-1.03826174969421,0.476326249310533,2.52964735690004
"52",0.151744822590986,1.87972189935846,3.24185887932524,-1.76446922620321,0.240918380410595,4.61521244430691,0.490878538109161,1.69437049567826,2.94950765963148,-1.58736221613399,0.438125463682979,2.30569511309708
"53",0.650089351040834,3.72559898640653,-1.78601663407312,0.883002930757166,0.659307405733617,1.10338831359916,0.568000062820124,1.18455451536929,-1.56229950453334,0.653380406998825,0.476487267075986,1.77643544227935
"54",0.796270591594391,2.25635791373417,0.0961041896466792,-1.54445031722197,0.614267020805737,4.53918575239637,0.668395991376197,2.60796804501074,-0.0859827649591525,-1.41392685099188,0.582550733520014,4.3660307340074
"55",0.543923071235738,1.74018365276564,-3.65524098263567,1.14727085200543,0.256867697260635,1.5813630217897,0.566668867469668,1.31075983390415,-2.45174838452511,0.708212060024607,0.410050443762502,1.23082418784655
"56",0.468864364813154,3.27238611503294,1.47490845503582,-2.99388584669823,0.389308314143671,3.32750105782745,0.426268719560783,4.16924425158325,1.21529629088551,-2.52495746135556,0.45731967904627,2.67076195019372
"57",0.116862696589102,2.11650707368922,-2.81371083516551,2.67359028480783,0.510038319717558,3.83728162558715,0.498559015347662,0.90759705297727,-0.211963286285618,0.107498917425562,0.587590346382937,4.64509359247815
"58",0.697955879397227,2.87112404031595,-3.71160997890544,0.271097559276955,0.657694210590419,2.02201314648834,0.500000000029839,0.999999998954586,-1.2892417564445e-09,1.34099687808096e-10,0.500000000133854,1.99999998534482
"59",0.921298000687099,0.863607276535878,0.610859832908299,-1.45094956840606,0.602222443440572,3.93021770625959,0.730068699350573,0.937501482671129,0.572590884797888,-1.42716315204574,0.573656572240724,3.88053846420291
"60",0.420531707116695,1.703871520537,-2.11964587623326,0.533461113830633,0.0034873281050869,3.23445230758374,0.517845688419971,1.38805803087728,0.140301564750395,0.248708428008559,0.0497893580379223,0.732186774156922
"61",0.845479953441547,3.88313571417772,3.26143405146109,1.84836727625889,0.46658677358158,4.7066702590639,0.753495309652236,3.98318177212549,2.45435067275664,1.51329309403594,0.547161559092105,3.36869876236011
"62",0.299223535572358,3.65452657801047,-0.402785994669284,2.1499709941379,0.491057417379868,1.28488159087808,0.337617853599453,3.19804203476187,0.121168523305009,2.30442068363228,0.491415601076299,1.30424381829387
"63",0.157460490983666,3.20733661668439,-2.71488937885588,-2.88806347894978,0.562727668068543,1.09506449073849,0.127252159473627,3.75293394184954,-1.25860785361852,-2.33639381832216,0.658442144506357,0.98071081553597
"64",0.177589834539347,0.569838062188579,0.605055833121842,-0.223408397690425,0.197084015029812,2.85636934678945,0.421721776651615,0.463738386411546,0.664927678475503,-0.360641492649295,0.266665488293024,2.03606564361858
"65",0.675420840842117,2.38297913544668,-2.42834724084703,-0.76150093462574,0.683756506596886,2.8533722216627,0.552316861926792,2.92060539432697,-0.875373052501783,0.0655457446609279,0.559519788901821,3.44171560854383
"66",0.844985186696911,2.88195655377081,3.08214496689122,-2.02089770123097,0.453775707416431,3.21701295473841,0.821266719721349,2.3699656782232,2.8059383696493,-2.11394996713947,0.508347033531754,2.57164636232748
"67",0.636627453117803,1.93147594402715,-2.85251489650432,2.84878033395346,0.691265981728274,3.74788821281141,0.443280158343407,3.22341099613438,-0.0199144384736747,1.73179909431902,0.613470682214737,6.54215962831617
"68",0.924387738063794,0.81356537284959,-0.0530410585724503,2.25844118159185,0.0884064024414949,4.47639878077972,0.775516846312828,0.825953922834655,0.208052048468564,1.66958142869313,0.261213824756272,1.51546965742728
"69",0.386452403037201,1.3193713550423,-1.66147129515963,-1.41381134028977,0.868028258150075,1.30556971735273,0.471999394812656,1.2899972913525,-1.45083337548825,-0.612274069811197,0.51660352571742,2.11068425018383
"70",0.96095685692034,2.70501212951878,-2.71554276007715,2.9606410076151,0.78366489302097,1.61354359926193,0.806550667276893,3.56024564024036,-1.33270078026032,1.8572087167366,0.521848617050932,2.42288973136211
"71",0.828895526642757,2.73030700193044,2.08917940330327,1.63460558942602,0.537614176963352,4.75482181308185,0.719019344610866,2.84883085441181,1.89424807556172,1.50708201519955,0.581943092017113,4.19610915166893
"72",0.972116334109091,0.922734861865782,-2.74395963306252,-1.41383057200646,0.311968673415363,3.30332271793739,0.642007515778136,1.08808449859511,-1.31907884684421,-0.350223129541784,0.510099312914904,2.55630048553427
"73",0.106873188167752,2.98295971423119,0.199291625088177,-2.17296294291817,0.966454764007289,3.83105700236174,0.167914218693376,2.12085278767236,-0.0396656655931942,-0.975800389458101,0.580451426282944,4.19071502732992
"74",0.327943680964588,3.81778573131856,2.12280987069972,1.08242071963679,0.949230640559014,2.94674018752029,0.32375272193877,3.26524818032834,1.35504682364421,1.29073498146314,0.883331713789372,2.67742503666093
"75",0.417043251131064,1.21479475894154,0.893163418690605,-2.38204140456525,0.250177889700656,2.82414242924602,0.4068094512683,1.75474554447581,0.826466475708002,-1.70750038217328,0.357971229978519,1.8634753196954
"76",0.148052752622551,0.777721018781421,-2.03238130360155,-2.30287963216389,0.401867698176754,2.93439491417009,0.379312160910329,0.893826358305456,-1.21522395005671,-0.47555823370019,0.535797332160601,2.45360131067035
"77",0.243284551589212,1.24237529423461,0.205079848213503,-0.198865451157817,0.30693814936675,2.82280061470367,0.325023488688223,0.852168185174767,0.253635829254375,-0.247529495599685,0.426018224728257,1.99856586258586
"78",0.959652289675559,0.818926769494874,3.12765274574414,-0.108114797504084,0.718493397573817,3.07001762407076,0.508668967953348,1.0116364209179,2.92131465396299,-0.132718932012476,0.547371343258315,3.68804499525515
"79",0.929449679856557,1.60109025510643,0.185790035304615,-0.887795269821245,0.792022338046224,1.21237106183939,0.762567832506389,1.86866231147368,0.276806926988962,-0.722895600909441,0.761950357882651,1.19854380190095
"80",0.836922648457012,1.72069117215128,3.00286181147245,0.484796232124219,0.280532670690799,1.86735273018992,0.656383600148705,1.62494333315776,2.75310801524914,0.254473331298881,0.293863288363719,1.6543280525927
"81",0.360180797985118,3.60203918633056,-3.81349140837033,-0.410814117392417,0.0823236622778244,1.41172208567385,0.361242254924988,2.29131347198353,-2.39160048242624,-0.448288294736257,0.162676995937342,0.780314248196931
"82",0.0289819471920248,0.414145706926957,2.19924587783316,0.105688531142737,0.725081269105742,4.05786993792745,0.401758881092827,0.286836240296775,2.15744191231433,0.184372053085946,0.591219231933361,4.71312087289642
"83",0.655918427643514,0.335580492506061,2.14028930870437,-1.2090828854629,0.608425674554996,2.27211149139572,0.51279746908769,0.632873079615082,1.97947758775004,-1.20247819521821,0.51771324616715,2.42411210926626
"84",0.921393804167213,0.646808415151465,1.12123492829607,-2.64667975245056,0.609692073472439,3.58614654442661,0.752529415749016,0.584626253938049,1.30222112141986,-2.63761232559543,0.566616025164339,3.73541748074296
"85",0.064380727060582,0.835613944763912,-3.40115025070001,-0.670171103337188,0.735002771835795,2.79446150864379,0.500000000029839,0.999999998954586,-1.2892417564445e-09,1.34099687808096e-10,0.500000000133854,1.99999998534482
"86",0.575486736817386,3.2922552543922,2.14122001746908,2.2570551271083,0.480660511402719,3.53664147007389,0.495598039888016,3.39208418357747,1.80100201403183,2.06038630172798,0.514373367669843,3.01504677703928
"87",0.60903150457733,3.85984219987091,3.62591762042797,-0.184241466568763,0.715310845075317,4.81032138061415,0.653850601565047,3.32607552460935,3.1032864944016,-0.155992427863309,0.591773642128059,5.06354705782933
"88",0.617563036603711,2.02197208433799,-0.476358650909485,2.75068036078267,0.875104985917938,3.89859231673829,0.673009609529414,2.02590219284845,0.0918968803923796,2.42293125379415,0.602264470193819,5.48182777043546
"89",0.469917145663952,0.965314595949817,1.60089421005031,1.42598635321206,0.792569095021494,4.41623599182652,0.423446722172172,1.32285499407386,1.48704313964931,1.27651807682479,0.60320194744283,5.43022224549624
"90",0.29252424921305,1.31565295824429,2.90268236204332,2.48540523344464,0.587197919373114,4.74521641650012,0.338417965888739,1.43556465789718,2.6591504841878,2.02419449677074,0.583270108583381,4.26544331694389
"91",0.5910742947657,3.53398214879774,2.65077901466163,0.468365217587245,0.727489937514605,2.90234947681591,0.551310339442028,3.48311863260716,2.43666297554636,0.408100971384854,0.55099693070518,3.50744746967084
"92",0.895841292348747,1.86230735142773,-0.0138715760753314,1.07163853232741,0.630325172799594,1.2486708475213,0.660052705479854,1.75038850499658,0.0905090118488623,1.06924891953227,0.646684250271603,1.18646127941174
"93",0.92638705178477,2.49294094065671,1.55855888227204,1.2871033304192,0.561078843583949,3.0740213080544,0.807155940732085,2.36421397493122,1.10277873156303,1.46569480283229,0.531802589366264,2.93315855892946
"94",0.940239352492181,2.18624645973842,1.31542475019237,-1.09393370580122,0.227238549388991,4.39800297441597,0.799825882651743,2.25269883116222,1.41054405402706,-1.12298376192555,0.402771709486721,2.30825125336285
"95",0.539628840429275,2.77558786868003,-0.594680620412396,-1.70020276807848,0.0668834343114999,4.4375462414451,0.60614298793729,1.91451693308362,-0.39436339517266,-1.90736975636795,0.158313314218742,1.83928394929526
"96",0.961677236977018,3.39129457405949,1.33624738339838,1.7754938185231,0.40566164352981,3.04253883747597,0.890890510977509,3.27521154451897,1.02744593706888,1.77711744898556,0.479114173758097,2.44588104538789
"97",0.610647891491776,0.860790652318577,-0.32004733938351,-1.04900661925028,0.660018571220165,4.00477247210246,0.48968072034975,1.37416640887801,0.284514590135181,-0.72000268634324,0.607816631836396,5.95364645135958
"98",0.161607045123197,3.12132331497882,-0.211547672089473,-1.28560905310025,0.796317484815095,1.37088693303463,0.181554814875981,2.82633485537148,-0.56732195830462,-1.2914777848493,0.511221140232137,1.80659631925932
"99",0.591177585238811,0.307934276658408,-0.38975031928398,-0.710890663044493,0.494290797354243,2.29984265797128,0.508234966685151,0.562140605135099,-0.205593752995836,-0.0773454770980197,0.549704594270851,2.14294286956173
"100",0.321818584008696,2.73070281398154,-0.389284135247541,0.882326632947165,0.788794440704228,3.19826657060622,0.503278942328414,0.777861203294668,-0.217770631755943,0.869618657099661,0.582701922805373,4.16413594486711
"101",0.176308901856477,0.460872738824757,2.74136989791807,-2.32190387725718,0.0833325297460572,1.31145638914421,0.503221731536954,0.774924930614291,2.14930928692811,-0.711400989670857,0.111834311962448,0.980460861719778
"102",0.1690411492802,2.6756599951061,3.12136622249731,0.999944621406335,0.201805213370211,2.28192487830169,0.318858249075216,2.48976382682517,2.82610402027156,0.713755290723934,0.276876825727944,1.53543465716295
"103",0.558041637163647,1.18005324533954,3.7025284905899,-1.79990132098411,0.873392682976085,4.33997994594899,0.567330543336027,1.30885092505572,3.13472707946388,-1.61839873232927,0.598076383062201,5.41922087508513
"104",0.932911300908938,0.234970056375434,-1.12470253913839,-0.0591179230267342,0.592725656996403,2.11720501511477,0.458412923809956,0.620003537914452,-0.830403940251287,0.674062285694727,0.526990971229418,2.71333089671576
"105",0.151109442632408,3.64168496532695,-2.23976014033013,2.40269081279807,0.519466373503471,3.34837675332174,0.152051630457809,4.01910991316451,-1.21649909957252,1.73739741824468,0.550370543601406,2.87510261844106
"106",0.955032513754051,3.11442058057136,0.0522172202270275,-0.909749229692228,0.963793538316937,4.91948461891371,0.733000694367879,1.51774405377323,-0.0601582118347395,-1.49885903399302,0.596573637459674,5.07765072307412
"107",0.468576257167096,1.54206983259809,1.97336203014073,-2.2871731401537,0.503642586798217,3.96825661296032,0.411023191253333,2.1753743512926,1.95529704796127,-1.70519203691497,0.555947946337465,3.50636919217914
"108",0.150378527095633,3.97105699650203,0.738860951512306,-0.670275295642647,0.684184393281074,4.38447091134108,0.28005503034483,3.09000263458878,0.412476002544153,-0.657293613530747,0.5841170060543,4.38777343305715
"109",0.802693393686444,1.5800052933842,-0.926293900877393,-0.577587221235765,0.332084615276314,4.38204718444396,0.621294135997444,2.20004215644297,-1.01549276376808,-0.584090992832928,0.557156704430469,2.39241093100296
"110",0.267102475617681,1.94140214832425,0.991114891575437,1.06096523670326,0.418430292886246,3.11273611933608,0.246964256714524,1.80976557813516,0.854719641617757,1.20489477753891,0.502039406730612,2.43746833229615
"111",0.292432196423452,2.68308297830129,-3.02786582268376,1.34690228703037,0.951642791937957,3.16851309350225,0.500000000029839,0.999999998954586,-1.2892417564445e-09,1.34099687808096e-10,0.500000000133854,1.99999998534482
"112",0.242194616956802,0.835918927348215,0.484731083907015,1.25267280284995,0.859728450477365,2.06086928248926,0.385743179188235,0.692411302265195,0.0884971019367713,1.05544465984751,0.533528154813184,2.96208640607898
"113",0.250425665606453,3.03353374855345,-1.58743799332736,1.33428458226651,0.361636081700472,3.42962032286263,0.533658389400736,1.53745837506973,-0.794748637064172,1.35334464293634,0.54862557123343,3.09860808864611
"114",0.218460392085641,3.92638359111112,-1.87969862021546,-0.0757700512148469,0.774083890968139,3.61679127444384,0.324261113039487,2.2997795610662,-0.403886829870713,-0.18887204484338,0.59703016530866,5.20181786554159
"115",0.926107316623039,3.33956710653589,1.40438434841385,-2.95770139085662,0.211436414370243,2.12690226574667,0.773822262676382,4.78091770602354,1.30038920705989,-2.33429277875765,0.227499782921494,1.84546080654337
"116",0.356051613112141,2.20069216803061,-0.823851300784563,-2.55399491563677,0.138792094950485,3.7471775589031,0.515435890158196,2.60980980931876,-1.13508978437407,-1.94641849840677,0.319318135822451,1.49221274382162
"117",0.348396655806198,0.956415908554952,-2.04169279396571,-1.64617015556009,0.0518741527755919,4.69480477291953,0.349385818341017,1.03348691777225,-1.34016805734435,-0.692880133624123,0.257390300044267,0.990312368411888
"118",0.514883639469406,1.64615081098401,3.33467780063428,1.42874173924666,0.719972642336701,1.45572916426277,0.457229214759527,1.5312998365377,2.99393391454303,1.37239403897379,0.660226523087347,1.41991952875336
"119",0.852552570800951,3.33798425638291,-1.41747877200182,2.00133249310055,0.794608433651463,4.09594653727676,0.65468311344226,3.33097090614971,0.00134274227474052,1.65644323076955,0.604970423414909,5.69451830199552
"120",0.083943183224974,3.85735275565421,1.54043164321678,2.03066110068252,0.452647798720059,1.4190774424204,0.0980570384284521,4.76312172043204,1.44339967709765,1.18860537417033,0.346036379820146,1.76142867746016
"121",0.132287389553088,2.92823655707407,-0.913817115948681,-2.16036287916704,0.618923872713631,4.86936042775667,0.178614341549059,2.85092936504295,-0.218095816029897,-1.97876262561902,0.607312956037845,5.80088945527287
"122",0.22144392966669,0.232668184837031,1.88228422531702,1.86154433087974,0.830032610439997,4.45816811495208,0.48205168202773,0.285052199664519,1.82266945378429,0.892100973117757,0.607275201164643,5.68502394969148
"123",0.879478865119049,1.31024062726146,2.23013340623246,0.825645570571846,0.0476965884676011,3.43058344060419,0.520597338637254,1.57490036139609,2.04897429179947,0.434356093023503,0.139102613048643,1.13805693396463
"124",0.953615285815653,1.72044152540155,0.216938739541752,-2.79430876192765,0.642946028491997,2.39894390280529,0.848893578919919,2.0827581488693,0.3744597997476,-2.10250664482153,0.523625553917498,2.89478317318159
"125",0.91812107236058,2.57083773498902,-1.08782334408647,-1.76629807093509,0.74000492474168,1.31355620920879,0.715350626304091,2.49178997173277,-0.955615891408048,-1.40185492412743,0.580799138285499,1.51094931285091
"126",0.424611510518747,1.40917460030403,0.325210193391944,0.616662510363526,0.386779583824642,1.65723217775768,0.421438746698592,1.67321691282023,0.399225413172758,0.41391060075121,0.361871212054228,1.68127562295356
"127",0.297548628023599,1.6715395957849,-0.764081563107035,-1.37516433221373,0.369127634548563,1.60915267557964,0.472455228506203,1.80989558375314,-0.386648976273941,-1.0898165474232,0.468071736749918,1.33201657513468
"128",0.23548902425956,0.548065975998874,2.41657850223071,0.470654569802461,0.451948201364419,4.14315123768749,0.474915145299685,0.822220784408557,2.29934304690453,-0.0206502307180453,0.523351484639495,3.25585371333353
"129",0.88037921398473,3.8296853179061,3.08109425376503,0.684817327048329,0.913274590932361,4.43758633859237,0.766607865913524,3.14248711365382,2.14505475963748,0.768239164138558,0.601456363056857,5.24838042411875
"130",0.217360693416317,1.90966012814932,1.6742443349137,2.459434953503,0.589341869778246,3.84954178492897,0.212232603744021,1.96593941062251,1.45358727171161,2.2877929892288,0.557166755338059,3.70547049612653
"131",0.451662245697851,0.158223763050612,3.09808001539393,0.576537873150271,0.345015355430111,3.18224561617428,0.49761946853263,0.68826240332786,2.84380437862849,-0.652714517542395,0.445185565758304,2.2540701245221
"132",0.0879992221419622,3.05661727399982,-2.89010664943028,-1.13642938323394,0.404549227678907,4.66118110844357,0.205528608802361,2.31610530268611,-0.375192291010912,-0.372796596871932,0.592220043844248,4.8952047604375
"133",0.505933195223306,3.77293516822271,-1.61402949646197,2.15500012642941,0.813267684116005,4.25654599575653,0.474230114075076,5.39620973969667,-0.181153874079733,1.66185097784699,0.610542973032147,6.33543695470453
"134",0.180528839372015,3.76729973742761,2.93764886881611,1.29045144617769,0.33208851080236,1.68832222118958,0.167072956141756,3.56047231897656,2.47922315243093,1.3303536365315,0.303762198815507,1.66140495932765
"135",0.47990446856267,3.09969437062592,-1.62461531030462,-1.26723656996175,0.329959155745984,4.57668591329354,0.476267028171829,2.77446548302376,-1.11256868152126,-1.10132242608639,0.551703351584313,2.66593084002238
"136",0.544896046034098,3.99921977055678,1.95481276349254,-0.621844001380703,0.586139159034084,3.27165407531142,0.533792290894943,4.60916705601943,1.55772143309858,-0.642343710601668,0.531188662717118,3.2940741432837
"137",0.0960060735500937,0.0224233723436149,-3.59349987969843,-1.70759555924349,0.995108944530796,3.72101220545114,0.500000000029839,0.999999998954586,-1.2892417564445e-09,1.34099687808096e-10,0.500000000133854,1.99999998534482
"138",0.51047304066474,1.55080911350156,1.09622166372604,0.630408013490976,0.34188328483119,2.67530447805353,0.471690679449069,1.51683134052102,1.1610178510993,0.71519788749603,0.401905505397996,2.20397595367414
"139",0.0079939590082212,3.64038045756417,0.00901732453430704,1.17918055142364,0.534300196755113,1.99726226242213,0.448146329481521,0.292468550608222,0.153506105845798,0.258521642519278,0.545054222117478,1.95154494945824
"140",0.766916338358604,2.68422276623562,3.56758782296854,2.48817489669876,0.316280797238693,1.83193332670998,0.728000300829378,2.73731482051811,3.08825170372402,2.09951458053187,0.301555985736699,1.74533104268602
"141",0.154967730943106,1.98020639105783,-3.84341693591716,2.69215105786466,0.0874269646852667,2.04475520227564,0.324035392866023,2.28577539391533,-1.88640361972063,1.8311278589477,0.304927254347211,0.664266635207594
"142",0.163957654259233,3.94953794428389,-0.875362426697535,-0.774877929041517,0.563929795201901,1.57640008129988,0.260254532712084,2.70282483377546,-0.811690113098796,-1.01469488533479,0.526303999419083,1.66672797851048
"143",0.686063442802831,0.0548447440997117,-2.7917050640111,0.549056670826404,0.242415447716498,4.00626135317404,0.498688803157041,0.959076037241113,-0.0951366837885605,0.0376908286662668,0.564361109394551,3.59682683881987
"144",0.384991493258987,3.74633412201811,1.31547599502813,1.19492944101386,0.0507704244761839,2.27490079523634,0.470768060974964,4.01577386213805,0.907917353678226,0.753464273862468,0.087014589850246,1.31222436634287
"145",0.909422312737555,2.85889688099331,3.80532868630717,-1.78570935728834,0.541800804808381,3.2619104797458,0.827104925016758,2.33206502257151,3.40408538013714,-1.89659163991797,0.520670530137837,3.01026567717507
"146",0.803501591297399,0.438870814018331,-0.0641475515101506,-1.25414982966029,0.42321649043739,4.89698897197576,0.6259632010957,0.891463449280805,-0.00409148542771653,-0.295557216985969,0.566130673865423,3.66095430828563
"147",0.628674297958914,2.80762128152929,-1.9632045672252,-0.593478817875733,0.822413267454741,4.20922045678182,0.570574395341091,1.80099829883487,0.0406645234434357,-0.368136903690299,0.620264456354079,6.74342954688571
"148",0.691305509909997,0.898439701010671,-2.44993171425381,-1.8241271501182,0.840158997149534,1.4988648029565,0.539813312261798,1.27792439720615,-0.779247653482996,-0.131153543002439,0.561545570917227,3.49417824298689
"149",0.797181337208219,1.03824098776744,-0.790051511135667,1.80269773653359,0.369641662579515,3.36154850448607,0.645432429310466,1.16097703259851,-0.481144944749729,1.56588014587119,0.619918600427166,2.14921429622269
"150",0.648621255517812,2.3860265499649,1.16636672273818,0.5754933982288,0.177798401251709,3.29557781871698,0.551810534669092,2.14887280419167,1.19351625219832,0.515764222116838,0.30096689797657,1.87846159127485
"151",0.00020852665295612,1.32004129640689,-3.15858193342594,-1.28683672148826,0.198993787017557,4.22322799381278,0.499580331466816,0.977696419993288,-0.0594223300446628,0.0229730179935229,0.550117438044008,3.10082877906472
"152",0.00206404633080259,1.71273332446986,3.64316661593327,-2.12680451649486,0.884039250612204,1.03048806205236,0.408627589827733,0.464721005866628,1.7890656492284,-0.381470853861574,0.731804107488245,0.924031550897658
"153",0.933000658404044,1.35271511973643,-3.53735647852861,-0.269013748592691,0.5525605147979,1.7880749087421,0.500000000029839,0.999999998954586,-1.2892417564445e-09,1.34099687808096e-10,0.500000000133854,1.99999998534482
"154",0.857719233511426,2.10538565720579,-1.80802788400489,2.65948022109581,0.867564348458365,3.814611838433,0.643251257306913,2.36859196827703,0.422928974935816,2.01625433370949,0.623055276369185,7.33001490787976
"155",0.0386071653602117,0.237374318424951,-3.50342599529202,-0.504231780199019,0.335424797005613,4.94910532232788,0.500000000029839,0.999999998954586,-1.2892417564445e-09,1.34099687808096e-10,0.500000000133854,1.99999998534482
"156",0.105977185261472,2.16639811422002,-0.796589592277867,2.00494686709951,0.460124791569996,1.43502599170057,0.195960177440797,1.88360739926189,-0.594471236435542,2.00395834393614,0.387651316046663,1.63550668843151
"157",0.552985015556477,1.18256560481897,0.902819093217456,-0.660101835276434,0.00758080667077554,1.26040917171192,0.496255337682612,0.97421311867221,2.11733717332537,-0.0268417677595827,0.062357667062653,0.587478826481969
"158",0.726727361068834,3.88186810632191,3.94161620662704,-1.90257958451895,0.193365019180268,3.16109950719549,0.669616065239969,3.53516072194961,3.42612433608076,-1.97083145029925,0.295369729644945,1.83123913936978
"159",0.200558552530859,1.06291782046864,-2.90901051924859,-0.930134655068159,0.988187770681101,4.93008692154762,0.500000000029839,0.999999998954586,-1.2892417564445e-09,1.34099687808096e-10,0.500000000133854,1.99999998534482
"160",0.848954357793095,2.47543231104603,1.41743794251953,0.184826336944471,0.446253006627845,2.06540261853181,0.713817161302074,2.55194504775209,1.37568983805117,0.198654899783625,0.421978220217142,2.01751296532814
"161",0.786314320227234,0.69976442184647,-2.19367059716545,-2.42875008824085,0.203477965474956,4.60537735025851,0.610730768555779,0.911443103455511,-1.08915938593845,-1.07812414046768,0.545985423816738,2.25107040580657
"162",0.339160288921473,1.51830941896758,3.70676479400703,-0.00756613804426998,0.0183845939304476,3.8544913183517,0.492941572670316,0.862976716812086,2.26987220249156,-0.169869217065312,0.102834557385925,0.698657048992148
"163",0.174842765948515,1.55362388929565,-3.36886284688738,1.74251876765035,0.58839749103477,1.33398578066804,0.513102299649439,0.860338524140577,0.0807902301504226,0.470423380386742,0.513620774360681,2.22814094711236
"164",0.48363701364622,2.89302180330994,1.94891180898243,1.03969904707844,0.699435697193399,4.36403863879484,0.448819732155213,2.66858121150393,1.72435700066925,1.19221725793914,0.588847147087728,4.77398779766856
"165",0.410591709912034,1.48940109513648,-3.98935302724871,-0.155100390057878,0.104247009350371,3.49197543890818,0.513877126641809,1.25079284289329,-2.62589867810335,-0.209516170308901,0.463326319809028,0.986777967256001
"166",0.153349187003857,2.54596057565901,2.30754321717858,2.10787415308429,0.353999896566306,1.41829537745485,0.152448748378223,3.50627375540243,1.96653092001417,1.18195443772734,0.288218396009851,1.58941313974258
"167",0.724833256661701,1.26360674733446,-2.69252784884224,-1.85915266694778,0.512662507078404,1.08206093723727,0.690286453326181,2.03160177702242,-1.42621436066499,-1.03959913702776,0.770872708944078,0.84183561171161
"168",0.91920431658134,2.30048255052601,0.474064848458738,-2.21164724638186,0.113192023485604,4.07550496534843,0.821490280920497,2.64969634133813,0.508662025186954,-1.97510148911688,0.2821667669293,1.52548195704469
"169",0.424832031041707,3.22480167276208,-3.33046599166439,0.524980438613167,0.120169775528749,4.8455156548483,0.475558849370289,1.09303674818133,-2.29092243635517,-0.158752693956398,0.465688345484443,1.53239012070681
"170",0.0204875448350454,2.81995983133198,-1.4696034043698,-1.21197232735815,0.364830896594542,1.57840548549659,0.40847562903852,0.955670766438545,-0.935393908939418,-0.869116721196135,0.462186562389566,1.33474523758273
"171",0.376878317829392,1.19685588150142,-2.91710201357522,2.88156261082705,0.759050339122929,3.93478233802982,0.500000000029839,0.999999998954586,-1.2892417564445e-09,1.34099687808096e-10,0.500000000133854,1.99999998534482
"172",0.174438959090452,2.04863278938073,2.33525940358072,2.48431940969109,0.838926311582417,1.13201909168304,0.185775173445267,2.18565410472034,1.97472142991442,1.93924259179331,0.806417756526672,1.07701509342323
"173",0.355968203606807,0.830117627808273,1.50312698358279,0.935943019787598,0.343050154349624,2.30169644054561,0.36987618796151,1.25544222148678,1.49327652564775,0.129903083111824,0.355513306083456,2.12922554507543
"174",0.00947460611867279,2.30439060042753,-2.8652452043748,2.36642407112372,0.0720813255848047,4.34396597060823,0.423622061946129,0.682171677098247,-1.47552320075439,1.312443344913,0.49209460722073,0.738576427027461
"175",0.675826197105211,1.83873959550286,-0.783073085924337,0.696111519817004,0.706930485847612,4.26289498677782,0.500000000029839,0.999999998954586,-1.2892417564445e-09,1.34099687808096e-10,0.500000000133854,1.99999998534482
"176",0.226346687961341,1.79740008006067,0.0495165865487763,-0.218562045287679,0.36075081155744,2.80189933394405,0.353008977734693,1.59272749388593,0.153516038535971,-0.423031073373796,0.533496407708612,1.83986636950027
"177",0.202415300018016,2.40003019806741,0.73982426404561,-1.72717378085718,0.238607285900389,1.25527620891227,0.322622496723577,1.55349792709206,0.561708276549457,-1.61490984497429,0.191359284041987,1.52867096849446
"178",0.817396599534851,1.44379297194063,3.14941509534973,-2.85525737400324,0.260881503073216,1.95959852703311,0.761471432552744,1.59336495913134,2.68180298011375,-2.30100917589914,0.251106962439923,1.83304800885491
"179",0.978641408771603,1.70017711388044,-1.33514423017785,0.172961095512258,0.714506083550901,2.23194940293356,0.617774340179323,1.87632240976821,-0.349926546478761,0.185525719236603,0.585847379253087,4.41776440477632
"180",0.678890632228665,0.297527740341092,3.93749712095793,-1.41706562136569,0.385863574092367,1.7893415425435,0.492754142372501,0.937807974131097,3.52386384792133,-0.0720776326944699,0.393862600196763,1.59525449809806
"181",0.913373804164995,0.415278515051202,-2.81863993641635,-0.444493334305506,0.438526680272695,3.96466983977766,0.500000000029839,0.999999998954586,-1.2892417564445e-09,1.34099687808096e-10,0.500000000133854,1.99999998534482
"182",0.355164598212046,3.86680689585799,-1.34914402155358,-1.0079814827232,0.209248888271129,3.3397050773127,0.456949454699449,2.8870732183145,-1.30142941596044,-1.29820731525766,0.377360636579646,1.76257372703956
"183",0.670425853053503,3.68783964613421,-1.87776984760515,0.575086870914634,0.771305681932897,1.71856453679164,0.618037168441386,1.67921842748662,-1.23646801524217,-0.0174538623680641,0.545638538265651,3.07412914228548
"184",0.300472935023246,2.94554578136276,-0.961967020948039,2.24678322709513,0.788016766714273,2.5118089245177,0.313357858709111,3.08468662064095,-0.29042888437314,2.04100603254177,0.570311325768725,3.62834404496193
"185",0.0677026357956133,1.93785164439121,-1.25419555142791,0.531010853487934,0.731756997781039,4.93721646294232,0.500000000029839,0.999999998954586,-1.2892417564445e-09,1.34099687808096e-10,0.500000000133854,1.99999998534482
"186",0.354294916273532,1.46571051308514,-1.27505008156797,1.12524139661709,0.401217446449355,1.5917065839421,0.521985476574269,1.07209969661409,-0.799408595839283,0.886269781526492,0.444664629980451,1.58546240400339
"187",0.788733528791979,1.01658943437021,2.5122321063825,-2.93567839668947,0.972587169654859,3.66083065356186,0.767539616895371,0.64604940207087,0.472160067967534,-1.75139078654313,0.59555720401829,3.09066123199577
"188",0.401050628493923,3.954770780272,1.07526582394614,0.332442466626696,0.036640103511137,2.05965782707171,0.524110677722065,2.72360334363158,0.893098202578653,0.536540446250428,0.0837559384965312,0.95647828551331
"189",0.0774889219144105,2.48543242869599,2.8892479423651,-2.17417145834732,0.707201557266723,4.02675030488112,0.13515776763649,1.89545955679953,2.40101232211533,-2.39448843494933,0.578709709380459,4.29847009711882
"190",0.839491326535134,3.73802156657367,-3.20450928255014,2.7099326533083,0.00438900098948214,1.06960493968641,0.507161462319189,2.64050179138457,1.93435397605622,0.564986251430581,0.110228735395769,0.316323330477102
"191",0.776230962073573,3.62319117530613,1.22920567903476,-1.28579200204301,0.583007398786368,3.27074864996759,0.776644808277178,3.29176184094709,1.37850894655497,-1.32084931394559,0.545724519146468,3.50349207611793
"192",0.721377670201045,3.12421414194177,2.96321858814511,-0.354382778887783,0.377747487558917,3.46098288731987,0.719710119639735,2.50633218641587,2.76968866998014,-0.386077663762641,0.463848509330452,2.59366977010488
"193",0.120783309348501,0.0729899347255718,-2.59040656358465,-0.562384986335996,0.270133896221606,4.56492058747925,0.500000000029839,0.999999998954586,-1.2892417564445e-09,1.34099687808096e-10,0.500000000133854,1.99999998534482
"194",0.0595014132888079,2.18169284201928,3.20022023105925,0.926386351867369,0.652093913611156,3.96747805667585,0.114158509040703,1.68350684132955,2.79425089559897,0.754073985456615,0.572213315204614,3.96143711478152
"195",0.072619519215571,3.50409877449668,0.785901734945296,-0.738702132821303,0.693430395949832,1.62766237383206,0.484746845592593,1.4651241035796,0.515904546235872,-0.60782618793844,0.565930304750968,1.78326032220437
"196",0.0714611069048025,2.22214509031186,-3.46267642367387,-0.999065977107244,0.920116828535782,1.54815477951393,0.498414572661911,0.918298802329073,-0.176251157533378,0.089417069733853,0.582315689881432,4.37204373387119
"197",0.579753343478225,3.98595260955077,-2.43237841098393,-2.54052612548825,0.415464633957498,1.27296706457224,0.723739400150275,4.67540436508275,-1.96018802060852,-1.82071808103359,0.515560978878842,1.00202826614983
"198",0.697045554557118,1.97557056466455,-3.2408607026953,-0.678191840586535,0.307873872831593,1.45054783863185,0.626240512647751,1.66946390875234,-1.86862725315906,-0.684445436517518,0.419568774764341,1.28571694266004
"199",0.609330888413708,3.08105820543439,0.832083143474418,2.00634548026252,0.44821197067774,4.66470538421937,0.649399040544043,3.21970905581551,1.02729954256793,1.78346973928665,0.56654973223704,3.51263222515216
"200",0.551602931159013,3.40813864934955,-0.0384286192087577,1.16284207488544,0.34288725197506,1.18243804818781,0.493771478273004,2.97849081680599,0.0273366903221564,1.24259886432638,0.269721827714043,1.46440472510866
"201",0.989596416285545,1.41823466976547,1.63354863118405,2.24375853565762,0.470969643543128,1.52826166619539,0.847979949573123,1.39918693899449,1.80675873529379,2.03782151189884,0.483740421684745,1.46247694208393
"202",0.128834642858802,1.87505254260569,-3.37030799999838,-2.09034435078885,0.517443886079056,3.71463004534241,0.417489119997668,1.48777130974509,-0.665945691850391,-0.309703613621682,0.580469096379401,4.29358336550861
"203",0.439562371909948,3.39632574763139,2.6538122190365,1.5139557870114,0.728138205447147,1.59568340784622,0.385361912713693,2.71627949202476,1.82381266371964,1.85049921254808,0.519399453981818,1.86541385629767
"204",0.105042201061272,3.39791416120948,1.66364608988351,-0.444900291434664,0.819848996606406,1.91088543999441,0.231577120732717,1.64073973032002,0.976180655396684,-0.555712522105203,0.59712074953315,2.06977951088011
"205",0.0139819262661555,0.293505042522221,0.914477144992302,0.950593068022926,0.513724495772117,2.70657963510067,0.366162871509699,0.268914521300504,0.968596784132059,0.499467458305293,0.48845886735724,2.74055193656591
"206",0.255500104053301,3.30846796737812,-2.36538477678446,1.66253871674739,0.774002864257113,4.4909303593546,0.500000000029839,0.999999998954586,-1.2892417564445e-09,1.34099687808096e-10,0.500000000133854,1.99999998534482
"207",0.395324296199242,1.34028774506597,-1.67157968929654,0.970549774687139,0.0531328074438627,4.35728104695317,0.466086766376958,1.29915092102978,-1.27180494517126,0.646309831949545,0.150313988917408,1.53236088882522
"208",0.610537548300002,0.227559255456709,0.447351836438059,-2.53918459518062,0.456183629903918,2.07942754618614,0.461358156884857,0.287258767930711,0.498878162402066,-0.951801193938584,0.402914009468182,2.28774524216691
"209",0.851001696655547,1.58871942426717,-1.92435642484888,2.60418227851914,0.992231007259644,4.14326975379308,0.500000000029839,0.999999998954586,-1.2892417564445e-09,1.34099687808096e-10,0.500000000133854,1.99999998534482
"210",0.160930022523691,3.50240480240994,-0.635422521337221,2.1796373928138,0.651322344663939,2.14613430424225,0.227476988385519,3.18008812065396,-0.594240235973587,2.15397329507687,0.480791243296307,2.6583706090707
"211",0.573625963353533,0.730914376000261,-0.667027487869064,-2.51568744432456,0.866476509704205,3.81030560315131,0.574888186733542,1.33715390755443,0.0140011676584706,-1.13239443502919,0.621218889635576,6.9378278901717
"212",0.440757943261769,0.334144686549482,-3.60515462164705,0.839222616520174,0.858519208533597,1.76763802615742,0.500000000029839,0.999999998954586,-1.2892417564445e-09,1.34099687808096e-10,0.500000000133854,1.99999998534482
"213",0.299261513646276,0.0856178234474956,1.45001763954261,-1.35284450733709,0.607244028751089,4.17822152724806,0.477703895364854,0.249668008162316,1.41999238386328,-0.323655126332421,0.578924752928266,4.12268085517153
"214",0.491124979728372,1.72903215011263,3.79494859230938,-2.14188365031515,0.0227836744843812,4.16184274973097,0.49452257885603,0.770416720907631,2.61734499979004,-0.461355611452684,0.12494582536216,0.749780832659598
"215",0.614086533678757,2.75088310369088,-1.73308567621534,2.02769567640079,0.868872156227434,3.80713346772782,0.529061087123911,1.76700937240197,-0.181758024209032,1.5139671146571,0.592582118423603,4.94626599085928
"216",0.202699012191381,0.982175389137408,2.45675396266277,-0.65511172184931,0.493535218780627,3.73555403172376,0.488121697669985,0.537196632673216,2.33844453142621,-0.629174386888505,0.52742871902194,3.26350916206279
"217",0.74964695697367,3.34949067382979,0.260767822177131,0.611658063386851,0.149402493677312,1.04117934823527,0.694943811096786,3.04928731270738,0.575808808382789,0.763308426080972,0.164432851939906,0.948254032488509
"218",0.166349667858913,1.67152494286431,2.03837074348377,-2.56677324785939,0.261943895951013,4.19870334625138,0.220404055531584,2.15547017371093,1.96052267999355,-2.0719770459871,0.436919674222164,2.34461116454223
"219",0.675471508091513,3.20065537616589,3.8913716362532,0.797870549316572,0.171065299245326,2.56143494663342,0.682347702864122,2.5030367448976,3.38124227328525,0.776918683480776,0.269081466065237,1.47092808931201
"220",0.763402286611138,1.10090067995575,2.33338806222326,2.45773323902243,0.434993104705508,1.13442055434859,0.677136473196208,1.35275923181782,2.0255179414221,1.65957640253728,0.4080251959077,1.10949829343538
"221",0.661580411759833,0.140184913551177,-3.90034878822801,2.93620316099287,0.56230812729956,4.0389627053074,0.500000000029839,0.999999998954586,-1.2892417564445e-09,1.34099687808096e-10,0.500000000133854,1.99999998534482
"222",0.255191976242637,1.28882220763748,-0.45240054887023,-1.6375271927794,0.485941554000843,2.64123691102341,0.344893126129363,1.68667848244287,-0.157498994261401,-0.806399609602173,0.53643561078266,2.45173066785667
"223",0.435643990580486,1.25765761870452,2.56837412715909,-2.94816111117787,0.189415181676684,3.06292248268425,0.466146897881561,2.7318671579173,2.38305434360897,-1.63378957990796,0.326282067254733,1.67076249479926
"224",0.112054330635271,3.05534178719391,1.03712583810391,0.708866932805312,0.251489179110348,1.72401639142304,0.206373232894572,2.27065412226125,0.994065453168145,0.882430262917502,0.239615601748069,1.70946146241406
"225",0.0866652757043826,2.12547778481816,3.99943097621639,-0.437283052210418,0.592477074840554,2.76693437698198,0.482584962126082,0.801079637979061,3.53379967458291,-0.286943228955152,0.517683753081013,2.80250413766739
"226",0.509689752653841,1.39479791970983,-2.46231596898596,1.90046326134896,0.0368667644769386,1.82900683475969,0.424404316244602,1.5712614392099,-1.70866879192742,1.02993532677937,0.0668776063179011,1.10072942169879
"227",0.456805061455651,2.61692780840721,-0.960179753621365,0.358854440842276,0.726554868482423,2.27803606858806,0.548466737477677,1.79275233378561,-0.417755463942511,0.0505348611139831,0.568285792422396,3.65948622632927
"228",0.3306714554477,3.09467915413297,0.293335944577015,-0.707895151048221,0.155020598753894,1.23364311437291,0.523848288369842,1.33960468367975,0.340993191415824,0.0439799520914284,0.145192588837018,1.2851737191487
"229",0.781842813535765,3.25034937186147,-2.86675177340719,0.647218146421205,0.757150544048824,3.15858249244481,0.500000000029839,0.999999998954586,-1.2892417564445e-09,1.34099687808096e-10,0.500000000133854,1.99999998534482
"230",0.22889849261966,0.424963222868505,-1.06658737881275,2.58621944891044,0.113712327274285,1.83021458412542,0.344681156559226,0.46467764487835,-0.698555485182789,0.586768405079494,0.147226416411665,1.4123658869847
"231",0.128274130349936,0.855585856824276,-3.49029351398936,0.51054305618961,0.848583482683833,2.59301014900512,0.500000000029839,0.999999998954586,-1.2892417564445e-09,1.34099687808096e-10,0.500000000133854,1.99999998534482
"232",0.0225821839898872,3.6930215503011,-1.43674780837258,-2.1658803030229,0.17262047312684,4.5477022238812,0.118305726503864,2.08051295841591,-0.869321299434492,-0.573988489731905,0.409043916944187,2.04562834983691
"233",0.103789037749344,0.512003781321474,-1.3661041163794,1.59532279302872,0.644449085048383,3.39449493882141,0.500000000029839,0.999999998954586,-1.2892417564445e-09,1.34099687808096e-10,0.500000000133854,1.99999998534482
"234",0.654762009266364,0.887913272689014,-3.83593702945667,-1.37754785224972,0.96403583833753,3.17939763791018,0.500000000029839,0.999999998954586,-1.2892417564445e-09,1.34099687808096e-10,0.500000000133854,1.99999998534482
"235",0.633123391069349,2.95424077652444,2.63449672415042,-0.714754325934689,0.207418943001556,2.11565804441855,0.565463033737957,1.01363945410607,2.46009424637392,0.0118539018345591,0.252143081419894,1.62599467627327
"236",0.950736642164975,2.63699222910397,-1.66566246060067,-1.68212778914206,0.908657738470811,1.89989997834271,0.8620905125301,2.82042515011066,-1.64330873310319,-1.26827000117325,0.845971806121318,1.67215885296538
"237",0.371590684445215,0.0177914597250983,-3.33881314021149,1.734665325786,0.881933573108081,1.14402436184623,0.500000000029839,0.999999998954586,-1.2892417564445e-09,1.34099687808096e-10,0.500000000133854,1.99999998534482
"238",0.503551083420401,0.578950840921035,-3.8497752671653,-2.96648700641413,0.89294292278744,4.77104191977369,0.500000000029839,0.999999998954586,-1.2892417564445e-09,1.34099687808096e-10,0.500000000133854,1.99999998534482
"239",0.146596254008934,3.47355901172903,-3.969940553926,0.72166350388982,0.848109651074585,3.76242236455646,0.500000000029839,0.999999998954586,-1.2892417564445e-09,1.34099687808096e-10,0.500000000133854,1.99999998534482
"240",0.552497080038111,2.10798685152808,-3.08279489069566,0.0526501632583889,0.552870304038237,3.27625150773663,0.500000000029839,0.999999998954586,-1.2892417564445e-09,1.34099687808096e-10,0.500000000133854,1.99999998534482
"241",0.561165885168243,2.95802325796298,3.36987104315351,0.460681849996081,0.318019026739438,2.64544519586352,0.659836872590133,2.21194552248826,2.99761976793118,0.476277747345537,0.395439580119517,1.94603020112015
"242",0.149012394018597,1.01692613120014,1.56742507312444,0.0421316251585724,0.42066707485474,1.56358734656084,0.325930278419503,0.845669366644617,1.47568311502651,0.530415262050428,0.376082784559845,1.64584682738996
"243",0.411694538498675,0.648774100152093,-3.13891781220489,-0.541273176879874,0.812170314315692,2.43098603325202,0.500000000029839,0.999999998954586,-1.2892417564445e-09,1.34099687808096e-10,0.500000000133854,1.99999998534482
"244",0.352057826076338,3.84920865012919,-3.72070823761454,2.69858467818902,0.86593527829446,4.36779482972021,0.435827595994999,3.47835128460788,-0.0339616969864396,1.66049971208662,0.610130952530514,6.18854478594705
"245",0.0495646444785557,1.0602211672919,-2.29669815689484,-1.18663648052543,0.752493802212548,1.09022036714931,0.466193747156811,0.746256202060889,-0.933266784467221,-0.112110620980783,0.512845386641652,2.21831737618748
"246",0.0178631056177359,3.10173658585335,-1.1220360620206,-2.284307506541,0.735722621833735,3.91960528775908,0.129080117623824,2.25699552243346,-0.124751512702147,-0.379905114737185,0.608011772626559,5.95912341372104
"247",0.350538810739176,0.738042437126388,3.44364733947962,0.637726998542611,0.940477493300115,2.87256467320258,0.44662679527792,0.886714620208402,2.61651867990561,0.281138061469644,0.886920887190875,2.44542615481082
"248",0.831117604395368,3.8442783327372,-2.92577855299947,-2.31407473449134,0.395965347734773,3.99788527121356,0.764635138719669,2.94129138553106,-1.91692734902812,-2.58792992705474,0.544384033503374,2.47663565590043
"249",0.308347944299976,2.04744844707007,-1.21294601241576,-0.63655913908912,0.991990312848861,4.52829519649308,0.501740240998181,0.905872108420151,-0.339871214934732,0.156738997751543,0.59780392734133,5.23193223340774
"250",0.635819809866193,1.5747540389895,2.15306106008015,1.06844500994005,0.997888829170653,1.82019359266157,0.493853822811161,0.812250820976405,-0.0169607674766219,0.209376885021774,0.550878059813827,3.11310847667009
"251",0.967633931551421,2.87586419783185,3.97449080048925,-2.04887355889895,0.87479052201399,3.43021848889337,0.865171752563112,2.97958021445601,3.35968737234598,-1.90124500185482,0.588157985362536,4.32612907736879
"252",0.67011750955197,0.787245090222339,-0.442037652770315,-2.07159977560674,0.745182656975116,1.16220702507884,0.603319739827579,1.091007268906,-0.350740255802279,-1.13098786742995,0.680415398707297,1.23235614991508
"253",0.778901625300914,0.358721322010584,2.02021879910868,-2.92754467662405,0.23434779891721,1.55570061970333,0.48950447466473,0.834689320639942,1.79939116905548,-1.26771097663538,0.211649318982924,1.61022516219194
"254",0.388057929948546,2.79374333287194,-1.79983673748625,-0.303089044077866,0.629482473824536,2.9063288740432,0.439370681950981,1.94033262763576,-0.807491637265728,-0.420953047867168,0.567521603006859,3.78176993257695
"255",0.0923537352517249,1.7897083071091,0.605848783463745,-1.82114108454751,0.290926908791537,3.16464677215044,0.208117236110679,1.24170375169195,0.460509916456848,-1.81923912389642,0.495549349307924,1.80812050483201
"256",0.905807885413783,1.7608457871519,1.29769769903991,0.54257916836584,0.0732207140909268,2.61231513230474,0.644760472215624,1.61861428854094,1.32248755398507,0.32795500305439,0.138005476832469,1.35508923543037
"257",0.274731325566719,1.78717840610201,-1.97710051071674,-0.305166156971319,0.499843834688776,1.72763249825097,0.333139667259509,1.17501732015493,-1.49103449686927,-0.902501996768898,0.487756812597071,2.02876569519931
"258",0.669865508627879,2.36642649760988,-2.52509643249928,-0.485888300327348,0.889439166634187,4.93226324764649,0.501334692123829,0.881741220066731,-0.423311419533818,0.191677329958718,0.602755079776277,5.52170199139892
"259",0.210263843162439,3.88672052681438,-1.33830286925742,-0.510328864544003,0.918456876098796,1.10855245749618,0.356271487864599,2.1544460107298,-1.45431908037362,-0.610405598757575,0.48795589691017,1.75135184058077
"260",0.668266490801731,1.668258134596,-2.60219141719722,-2.73328603522283,0.82531926181517,3.36712899527093,0.573279092914605,1.77143643643492,-0.548596259963647,-1.75034947326331,0.605839278398697,5.75061637716704
"261",0.717757477117692,1.45206082256586,-3.91918901024769,0.134600459527462,0.894655003841039,4.48035431666112,0.500000000029839,0.999999998954586,-1.2892417564445e-09,1.34099687808096e-10,0.500000000133854,1.99999998534482
"262",0.561029246701567,1.69461644767105,-2.94902650765236,-1.89135829743977,0.93314404574733,4.37116325864829,0.464636803290337,1.5537143296943,-0.172003717635786,-0.482760620091526,0.623639854852591,7.14432723830104
"263",0.252839452244614,3.42760634390605,-1.99546321883522,-1.60739147119725,0.194643851663713,2.54302561886132,0.323768409559057,3.50720329859901,-1.77220980178742,-1.42676726773134,0.280620849070115,1.69568589679699
"264",0.381029439939367,2.01463584815779,1.70727381368633,-1.80064234372597,0.259708870210503,3.31411134635371,0.410767629854328,3.09383166054024,1.6491866192109,-1.52133356942309,0.358095970210191,2.31621336169789
"265",0.177687585033461,3.34059725681321,3.8411222345929,2.02344061051624,0.15949264382756,4.73429335974307,0.195140887594754,2.90780894076606,3.29026509411615,1.83295087968247,0.328711346053515,2.01879178265707
"266",0.631596633304243,3.91209122182591,1.63669658088341,0.888104646556207,0.0718959095618982,2.7700161830799,0.494264400622781,3.76217379316911,1.33600340357087,0.979321232873138,0.157722615556126,1.21053710151196
"267",0.101306239560695,0.350271264964818,2.00830731937469,-2.37798925943186,0.453518842773185,2.21119495346607,0.498817623204695,0.722100062904997,1.9046808266546,-1.4296244587241,0.422051849139478,2.19212175576493
"268",0.638799321251986,0.346737713444694,2.96288481815145,-0.774200857605143,0.497504265822114,4.54940189367951,0.451048804030444,0.451272321021032,2.74305596830739,-0.622447467447931,0.563433065641969,3.67166922109013
"269",0.346961246946327,0.577068392021338,2.87009750327485,0.938940826896189,0.0544100992882421,2.11240026402559,0.507435787946081,0.938160959120152,2.27964504463634,-0.0701226533080892,0.0997655885339515,1.13251072848935
"270",0.603140443227029,0.083614860231326,2.83400574486661,-1.77862918485123,0.977315163861753,2.33970077209424,0.504921682621139,0.242555084279332,0.413482010208661,-0.211453009540458,0.636824249382016,2.20686463988379
"271",0.0395923441258096,1.33977397565704,2.05676584537897,-2.76343652478396,0.350328851579013,1.23496252054757,0.36926473927127,1.41122306788223,1.84342390034656,-1.62716992770209,0.268148294905689,1.48908976260462
"272",0.687685708866038,3.38255088508574,-1.88296764219771,-1.69227437419997,0.511628158842414,4.58378827770659,0.645772310516394,2.91096032076384,-1.24624193489925,-1.56285593156116,0.567825072954982,3.67398399935619
"273",0.482239569850712,2.71613190012265,2.79851884930443,-1.60265082057618,0.795072623286683,2.70307607309493,0.485809561898182,2.35574033591027,2.35620672283239,-1.64389722449133,0.572731102462495,3.27627780985189
"274",0.922237440514904,3.36540185014224,1.7990907115987,1.62648760881513,0.65196245826585,1.82251665304874,0.85196282430022,3.55681108435211,1.19700462524881,1.4303020775324,0.47269648333991,2.23458953439926
"275",0.707086995866093,0.624244666674462,0.821017581671115,2.80832801531902,0.525013718583032,2.18903514366095,0.718836855671431,0.736758096403453,0.995551341802471,1.54385393045763,0.475105117330821,2.40816788616299
"276",0.647432126414499,1.89945037055004,-2.94754187137564,-2.53843504760603,0.793244889062842,4.94957390527021,0.627432937625103,2.06247438375917,-0.765457848280425,-1.22951369551747,0.620772391054765,7.15230154771564
"277",0.658388526933464,1.61442662706718,-2.10109978893832,-2.23448121996155,0.559267733975727,4.26336679649972,0.778467653255035,1.50603175680749,-0.75600807650139,-1.2854206918987,0.583497847623145,4.43235545341368
"278",0.542769806835064,3.88195935016552,-2.91315112246411,-0.758885995948824,0.58702067477017,3.63462377752118,0.493645204237189,2.55669068928731,-1.07782151796442,-0.506439533336575,0.570532953996474,3.83406250339973
"279",0.704291496352055,3.73679317843777,3.4369333378894,2.31014034025535,0.44923271546233,4.17678935379325,0.631237604533725,3.09257940388157,3.0159712625635,2.47275672095727,0.522040803490556,3.16248379496772
"280",0.69774146583939,2.51407517282254,1.43083006597427,-2.14701000257757,0.10296810179225,3.11734555098682,0.606294474629821,2.98552804981593,1.47019123024098,-1.90030825963647,0.182242478466992,1.71196372934392
"281",0.0452886284270232,1.62464400250707,3.81608152730513,0.626727147808053,0.269350137122165,2.08307410749162,0.469650521705345,0.7429516487638,3.33905109327984,-0.467702325282075,0.332671982922616,1.52995169687939
"282",0.734933563041136,1.59722706672064,0.81156537931831,-1.23020767353495,0.167793933529613,2.36118657186162,0.525204842861753,1.63327401080447,0.926020965561874,-1.16581434839088,0.234021472317323,1.6194715639358
"283",0.756966925998719,3.45661996282419,3.11231489002722,2.47978263352862,0.344814070297412,4.57750458089162,0.637550863155961,3.42066442639924,2.78151745408179,1.87907821112061,0.508381671820528,2.71822100908647
"284",0.967663713049719,2.55701866584085,-3.83694524958824,1.59097924149615,0.234167997297683,4.18200582883813,0.500000000029839,0.999999998954586,-1.2892417564445e-09,1.34099687808096e-10,0.500000000133854,1.99999998534482
"285",0.788287656052606,3.83196855380861,-3.46644061404199,-2.88884126794308,0.11677930041432,2.90886242007189,0.664096368559392,3.28237233396019,-2.27848193787052,-2.67279315854122,0.266362858903542,1.26731302971533
"286",0.66700125470226,0.900669244772945,-2.43258844971246,2.91957562001578,0.0835721432221778,2.14381983374941,0.601354141091173,1.48533919456802,-1.57986389449053,1.6603973291673,0.187282580771062,0.975324423197961
"287",0.852408593153705,3.21415609569331,2.49147790724909,-1.45867485655381,0.508685234887068,2.27484400442374,0.779254754717092,3.74424807867137,2.33114030008643,-1.41787490432332,0.449507894388646,2.38429259252403
"288",0.659255331547781,0.0571450963688318,3.11324513419154,-2.80564916818939,0.536445446646971,4.64456387415634,0.418848669274102,0.884058271835314,2.84655926065352,-1.23480817874716,0.570545291813267,3.97083501433874
"289",0.367870889009851,2.30195589518937,3.92028979261464,-0.157635736931565,0.629231147843338,4.58914165094637,0.523918788104496,1.56289252988229,3.42826478809993,0.0583721663059448,0.572420193741258,4.42661908693394
"290",0.777220397566882,0.497769675132092,-2.2653273578453,-2.34311563179038,0.256387236004859,3.28036190885712,0.45623355793267,1.31500605163382,-1.59071894571728,-0.482222619344258,0.499670770981439,1.85816977205245
"291",0.211418186779734,1.94694907954308,-0.738966559301917,0.967515664241173,0.729854352616406,2.79876798090627,0.514001729905994,1.03046183752382,-0.10986516390021,0.105030607219373,0.575462102324821,3.9825613757655
"292",0.899572191192475,1.23824201319638,-3.70646817370929,-2.32487380640159,0.313426366169353,2.71541139679181,0.684293792473918,1.2673354744408,-1.84884278928998,-1.14858347865168,0.645744417699365,1.48263811726321
"293",0.95238129202035,3.80573147226295,-2.11802791369019,2.27420217485709,0.125019392646511,4.39175289267168,0.843235706656971,3.18722961987744,-1.18641768962331,2.38957093592839,0.376951632894414,1.68058470064759
"294",0.415702125378591,1.08655270960696,3.31438175456593,-0.347363646015022,0.804498327663494,2.08706980042027,0.561460632397831,0.65247646211476,2.54351874593335,-0.414194352557012,0.550313133707547,2.50177419996428
"295",0.311985150501988,1.67490488254613,-3.99000511727744,0.623597885750453,0.227395365647427,4.07272087830922,0.500000000029839,0.999999998954586,-1.2892417564445e-09,1.34099687808096e-10,0.500000000133854,1.99999998534482
"296",0.585754738184737,0.445831111623772,-2.85148359546587,-2.56262460820786,0.236576230530778,2.2980482019394,0.386672864068153,0.909256139529156,-1.89726506254519,-0.40026200505757,0.477483622117003,1.42217316020523
"297",0.312636659048922,0.60602764922916,0.0221462765928679,2.09399549205382,0.0603527102117118,3.47670324645732,0.390319546737184,1.13270043193858,0.136046616898841,0.745804232816572,0.127850894704107,1.59756446484543
"298",0.29833938669882,0.448977252598774,-0.586714996493662,2.14805039389408,0.129966249372768,2.60196040604402,0.418295029679625,0.545465387427308,-0.256182660291771,0.864401828789557,0.21624981483336,1.57621829030145
"299",0.223114357017388,3.8106913256144,2.61802196956628,2.80605057385287,0.844402161906444,4.30728587538611,0.205134940102396,3.76225694566213,2.12924236523508,2.29841385666785,0.60080788272287,5.02404452420882
"300",0.77302177995527,0.0712142726769369,-0.273361951223292,1.08686139181256,0.373620699542242,4.18729832378867,0.434891547151913,0.331263158580159,-0.106013551906547,0.631095022765267,0.543133886224082,3.0031216144814
"301",0.428325719383325,1.04902620990888,-1.60350699153043,-1.13411422862924,0.436294292617881,3.97028756516161,0.459825285913184,1.51712538859845,-0.913457370358734,-0.348341036446791,0.563108556493292,3.46775113039813
"302",0.639386559481793,2.16168150796174,2.48980525351662,-0.919642285332606,0.700258355460675,2.76953425128087,0.541551337520343,2.23628749055234,2.2689740266417,-0.894144927077843,0.534945081065255,3.27567086620809
"303",0.615949617758252,3.4304777077307,-3.74491842127641,-0.68287023519945,0.337893736721186,2.69911686327738,0.595392617942475,1.97211636229769,-1.46610950050817,-0.415558054951782,0.513508431959243,2.58080735003674
"304",0.207301522526277,2.20770898561733,-3.18871584546939,-2.93426633890031,0.462294085265818,1.18971319115834,0.288346169766677,1.87006610348064,-1.25186614053923,-1.42788047115725,0.580510299047649,1.04393043643722
"305",0.450418219924472,0.709150200027838,3.40095432701895,-1.6756642346323,0.0611856570365575,1.57907669998532,0.505717376922345,0.867655729603459,2.51057763711533,-0.165744942857566,0.126369670043935,0.757608585047184
"306",0.0673183988876316,2.64477442068879,3.51501277575938,-0.554962349610019,0.115398568163212,2.25378916171875,0.503026100851921,0.826118711444882,2.92458955889277,-0.237664156676834,0.211034271712466,1.1354740743586
"307",0.0540690352080028,2.87450674919984,-0.684956804238062,-1.53322791772432,0.773873504308489,3.35244581870118,0.174025266599459,2.0755261616761,-0.124930113287126,-0.750271253043459,0.585565474572852,4.47727268872751
"308",0.52327779333381,3.27317312543512,2.76309967463097,1.20149766275806,0.526542592231305,4.98846129832454,0.523459803603048,2.99468802653577,2.34016657309571,1.16085728534056,0.565154584009188,4.09781219888752
"309",0.340219727815718,3.63585738946254,0.0571198684960939,-0.119936292457578,0.721916288740472,3.67735024621729,0.423114624303445,2.99191570325588,0.257880940541775,-0.217749943877471,0.581185098106549,4.25100960773392
"310",0.901795317143644,0.560908673370574,1.48743575739229,-2.68029047382152,0.180905343692197,2.99039481584042,0.4892898418695,0.934915710873246,1.4330375751555,-1.62847427139591,0.263924724066413,1.94021064725871
"311",0.831099725781312,2.58858237052409,0.506989810419776,0.73447224068011,0.356876503703527,1.73029767622717,0.731958977752189,2.72914270899606,0.417766994338033,0.685938835418277,0.362157532044606,1.63710406437604
"312",0.665014773460404,3.09515983732002,-2.3131585450406,0.827911892714077,0.242655156868368,1.65978460574012,0.418867605781953,4.05104816800508,-1.83975071946677,0.757751251143514,0.31304124914937,1.39747178073586
"313",0.417275706210146,2.55489046674332,-3.25878423696537,2.98340487256653,0.717202709008316,3.02725525171611,0.479985821649052,2.68761239397746,-0.869262322793944,1.69505930245512,0.570332854594086,3.84856008667577
"314",0.133050308366093,1.6992627152682,-3.61120640366224,2.99332056326783,0.460971152044946,2.6157343328038,0.500000000029839,0.999999998954586,-1.2892417564445e-09,1.34099687808096e-10,0.500000000133854,1.99999998534482
"315",0.0980309307454222,1.25511226493052,-1.84597270288858,-1.94692898784972,0.223540958765134,2.40520824204965,0.201440051763125,1.25892708276478,-1.34973016313114,-1.02576775909686,0.302530073915226,1.94614334809659
"316",0.268295606611424,3.97451387170925,2.82153545506486,-1.01549790867163,0.490516024903801,4.89216241139903,0.443462213818411,2.62303486001725,2.50804881690353,-1.00246022525413,0.562070186920327,3.96210994879089
"317",0.576988480889214,0.0637564690725041,-2.40401104122052,1.59658734946357,0.46714988518734,2.27484943813567,0.480979620234466,0.820182040961796,-0.644804324953579,0.0992244079263913,0.553978283710393,3.23751193210064
"318",0.400943923518044,0.533008556462009,-2.20761179151716,-0.7849517148881,0.249530387624926,3.76498086246811,0.45209527800598,0.753912247684236,-0.366479357027199,0.208956809800181,0.533754936786321,2.65898704939479
"319",0.185081917976219,2.32335810800438,-3.16071299308613,1.39761141426881,0.535152395272974,4.52559780927294,0.500000000029839,0.999999998954586,-1.2892417564445e-09,1.34099687808096e-10,0.500000000133854,1.99999998534482
"320",0.177209359452431,0.597746232286522,-0.886420281177593,-0.379857391502292,0.7398124436273,3.41718793916203,0.490556937197755,0.818256901037726,-0.481906313733392,0.172575835977973,0.609183439177631,5.9251561930038
"321",0.752872390040392,0.908913321303115,1.79699610972936,-1.11076065738126,0.505253739396504,1.90095187028015,0.535918847664728,0.638684539975238,1.54103754324849,-0.932725346813666,0.409285947419435,2.1256216805006
"322",0.83912136364755,3.82898093252832,1.17664546174072,0.993279809102759,0.804026247483497,2.43473923797671,0.798393881359781,3.4007057961946,0.842384693089112,1.12286524136538,0.554328675217537,3.18940813992775
"323",0.664426881418882,2.72919720734572,3.45041382341903,2.69889747414657,0.102461324170679,1.77873102508982,0.652828010023096,2.80563512290386,2.99994016428618,1.43890498319259,0.152020257630681,1.14233140314524
"324",0.588563357906613,3.23726046383228,-1.93221611974595,0.722583864760438,0.311419472238254,4.75209692330416,0.499232068880751,0.913901832585997,-0.200776998607836,0.106252212134624,0.585128104080816,4.5136532903609
"325",0.576654814788982,1.69584761084883,-2.26544196152414,0.491965922700658,0.567940384483397,1.87169504988085,0.473683469809345,0.799249420085047,-0.00116436756516514,0.278294337710053,0.557449849027449,3.32092606179198
"326",0.00674951678753544,2.00467912588642,-3.52471900276884,2.9733243321108,0.0299767483217601,2.54037348285443,0.467954643041429,0.834552226208268,-2.24358560033524,0.0436139253091623,0.139661179875611,0.596694574660405
"327",0.823257779393905,0.00700338498584419,3.08128631717455,-1.43668474625182,0.616771925813054,2.86840994186726,0.489759893133179,0.690874972730725,2.85575490722958,-0.680941173980262,0.519033956931796,3.11772308840242
"328",0.68773762611202,3.40018633814324,3.10592652937289,1.76044683470993,0.516878408925367,2.65326930742461,0.662678000076017,2.83294991026438,2.81090861033836,2.04004508968687,0.492024441199082,2.52156160939222
"329",0.718095231933477,3.85272755379657,0.261071184844774,0.666765441726361,0.89336879697325,1.82186941240372,0.553441658818524,4.4828970907412,-0.43233777504089,0.64351628703693,0.792436535798983,1.68791464679544
"330",0.743633587464776,2.00914295532387,-0.222853546493522,1.29680059516372,0.81074857605652,3.12264522390925,0.569437778207623,2.1903008545124,-0.128428954573531,1.20594016195303,0.584604318928524,4.3420919839627
"331",0.493878216821099,1.15793704336856,1.59778260963901,1.43090736037523,0.81485276277724,1.63923777088184,0.527714079615008,1.15148772642674,1.50852030818377,1.18975538792903,0.76312824775252,1.62490334088326
"332",0.415228664492566,0.101094619510934,0.458512286010337,-1.56436427456689,0.39329152982851,2.40815644786972,0.476477074637637,0.248817688564545,0.504962980054319,-0.111610412324113,0.398836242678936,2.29055760633625
"333",0.0889528322661873,1.15097255430549,-2.9830530648211,-1.25493855933369,0.519412870228081,1.7514766971083,0.528581261850896,1.30499145776989,-0.889164356173709,-0.349257893597821,0.535942673513855,2.71426576906715
"334",0.0589272988808358,0.149798975333019,0.162083321723655,1.1693702020802,0.386964216094544,2.71368630628076,0.49360340880173,0.268048992479955,0.387884659314103,-0.0502129384558946,0.606779956994878,1.72446267966638
"335",0.973027327280621,0.599578462468918,1.2700560882966,-0.722931409942103,0.629185176643935,1.36724607087973,0.37996498342071,0.407776150231881,1.21734266647015,-0.148348757808808,0.606021322788261,1.34273032903848
"336",0.691114967522946,0.502132220250873,-3.58031433319134,0.347385487392661,0.239361368248039,3.10341267941637,0.510784692538134,0.967377777460166,-0.0361744766440992,0.0569919645815486,0.5260153869688,2.481226622067
"337",0.831214160767372,2.06342065429379,-0.61866858457273,2.96933214953988,0.36340385269011,1.1136248765962,0.757917691493178,2.35896168118995,-0.200925232081115,2.65742231298805,0.410924506901136,0.988082517784067
"338",0.303537703369484,0.769876984637171,2.22344847357698,-2.66538056110025,0.917137457140982,3.90233048781063,0.225905121784634,0.947032684160382,1.69495505910249,-1.87278187569279,0.595804303234654,4.98627775538989
"339",0.384673684985478,1.71248343777014,-2.70259004994698,-0.995218222849164,0.282963516234467,1.23567031243384,0.533862856173347,1.43448312776854,-1.27486210131235,-0.62827955736257,0.449644625278444,0.902414419103705
"340",0.952722468143802,1.90304454608432,1.31621998656427,2.07787237792288,0.207393508705531,4.8379060523802,0.858520233867336,2.12069447008592,1.55324570065609,1.68940705141433,0.479585889805731,2.09052725875681
"341",0.813419833688516,1.52707985111006,0.196076400206921,-0.242126927545513,0.349052848271607,2.02319923570695,0.621284741537775,1.71970969137152,0.300457228248207,-0.30722598028614,0.355503511128122,1.90218406799064
"342",0.738548520306186,0.518786604550132,-3.37359751220409,-1.91792173748827,0.0455831623420041,3.73954991223339,0.480507453063955,1.09953530313559,-2.4443697619331,-0.189662906041064,0.205663371693821,0.873742388493539
"343",0.18510778811588,0.768864543522644,3.15949337604223,-2.56582219616979,0.831895503746491,4.33150484125082,0.402829331298777,0.690616165605336,2.80961597052449,-2.09900824145879,0.601789145281775,5.37728023279159
"344",0.926898971904802,2.74106514993942,-0.865383495006697,1.04437288950911,0.13053227099523,4.82958829803141,0.811287496849205,2.69079345001366,-0.738400262684664,0.978052536040395,0.393670705939375,1.68654413427811
"345",0.234681353651691,2.526134476169,-2.22739795033433,-2.59106363805828,0.514364690635005,1.05386538357617,0.153107872708875,2.38657040637437,-1.26681510648058,-2.59465248981159,0.524297392699441,1.0727580378877
"346",0.670380579261399,1.48513810125161,2.41098193092552,1.06615368885322,0.834269711859241,1.37904673841518,0.722894580005631,1.79196890362249,1.94479804222006,0.752560792196646,0.759062303214355,1.30781230169709
"347",0.398199093180829,0.648216526307101,2.79343041382287,-0.216465615361499,0.251486520915438,4.92082929891261,0.503912495898221,0.846193993772706,2.63712416257334,-0.200635784226688,0.452456357092411,2.53430958263344
"348",0.531735194530309,3.82635272084345,-3.14969594567482,0.482940791952354,0.440431417574089,4.87305225139265,0.500000000029839,0.999999998954586,-1.2892417564445e-09,1.34099687808096e-10,0.500000000133854,1.99999998534482
"349",0.228582223549671,0.560635127138526,-0.0602434907318719,-1.53791448754638,0.603989357960389,3.92902883902925,0.231783476000834,0.856339619461348,0.00206894251326695,-0.771138076857565,0.575561176064158,4.05651670283999
"350",0.853717622662776,2.67653882928733,-1.9963339923276,2.19259548545177,0.708095103790808,2.27804842178284,0.671770032678466,2.865619568985,-0.859563179406444,1.77410231065601,0.54690771561579,3.01513086534076
"351",0.773320354682003,2.87136382810789,0.515002576669587,2.28008353492252,0.0644613947064262,3.42930576629091,0.756624143969138,3.77509583905113,0.771532056435548,1.44064894016681,0.149943193515515,1.44957144934492
"352",0.329739182533653,3.77241525670399,-3.15674452853914,2.71548157113032,0.656652467087223,2.9015080907423,0.37206549801027,3.94948069016436,-1.01099406480622,1.77145479181576,0.55624113192508,3.12312154780643
"353",0.834949214480749,1.52654066497918,-0.878425063709873,0.403956628216795,0.414436205165429,2.45730790509885,0.535604280439163,2.02706285387856,-0.756120601205281,0.261381382925594,0.471182593275847,2.30539773617318
"354",0.941056006329735,3.99657321371705,0.578498554699778,1.8825535619257,0.383986706918199,1.10061825924745,0.83667800663647,4.11110233270336,0.0611790667469805,1.93118889997383,0.320338395966696,1.31694685739764
"355",0.660849427981392,3.10114894747928,-3.26164706721557,-2.86840734470379,0.362506113930291,1.25025110236346,0.750677006786005,3.34050861743362,-2.32252439328045,-2.3263395405383,0.351795560387761,1.32469503109992
"356",0.831166365994753,0.674075407968186,3.51843887107569,1.09875228878114,0.540789222546642,3.59900837823983,0.607905677604533,1.09611044793202,3.16946008215867,0.105805242955116,0.537804831906306,3.24525289133531
"357",0.527661361070996,3.05732978625617,0.0774046358113996,-2.22313497996493,0.310136732629747,3.62321792942778,0.527228739253753,2.84735486481169,0.183005811974223,-2.31156197005819,0.563271691085785,1.83976929487784
"358",0.509028917138912,3.15648571146949,1.99105479610627,0.864208520188418,0.960221161244507,2.82668343336179,0.482431270414729,3.00486383685852,1.47163769027301,0.819646859185169,0.910731377229493,2.53096083570351
"359",0.126348084256352,0.960442984069002,2.1238605326321,-1.04404939122772,0.635851340401492,4.79185986054851,0.206082436128999,0.713090614316484,2.01566454495002,-1.04889192932667,0.592432646070496,4.82499397538824
"360",0.107076671047459,3.21078499632229,3.46038719608928,-1.88332951853719,0.833926826867868,4.53038446389778,0.119524459977169,3.44180665379555,2.76029421913542,-1.78059428647022,0.601596723217156,5.31120568810548
"361",0.516050790556135,3.70029725380088,3.53247371657707,-1.04373876356867,0.528440476855158,1.46839422711449,0.484142835351162,1.26418115196498,3.13910884551718,-1.37246127569886,0.39262366149084,1.7815393155743
"362",0.714420947795385,2.27222954103096,-3.63078891249322,1.99832199782243,0.504056773093628,1.24050466507671,0.522162768100567,1.80196496843388,-1.84073128530521,1.41518148053197,0.469034947319635,1.70692144269529
"363",0.646798875197965,0.146425696655398,1.12138229277962,0.833382410895428,0.136507984795282,1.97953530928397,0.386717402006233,0.686366722303345,1.10394706508861,-0.0237257777559463,0.140217111679268,1.85946661831572
"364",0.101862413186142,2.01720096344067,-1.0034097828316,-1.69519488999669,0.980793049619177,2.36459133713688,0.399886138375775,1.07621367578453,-1.21967794629983,-0.546581118956543,0.543306085832364,2.87826370968354
"365",0.220983857433471,2.43251091884225,-3.2708370661487,-2.4718142612025,0.193401398855157,2.62402771744735,0.22950307496223,2.03625799977426,-1.62741498019376,-1.85637038238648,0.39190141776467,1.36860900258001
"366",0.597299836278425,2.7492438722549,1.55721611094283,0.195545574549551,0.0023896951479967,1.06911667437563,0.49813734666928,1.02911259565836,2.47992655412969,0.0279133862519948,0.132666088496955,0.257795896373013
"367",0.949148794944023,2.13249020461325,1.2735176209694,-0.827033960957781,0.452816195445687,3.26069880261951,0.76725613694403,2.15865574656972,1.29392433676336,-0.799045708147182,0.502305369642237,2.67692637114112
"368",0.730078327812892,0.794534243796568,3.63447478495442,0.390953412511193,0.0990968523248419,3.04119573322368,0.500225635728082,1.07728313466131,3.03190745181373,0.0702463190550447,0.223092017063001,1.23725027171573
"369",0.16502331808644,0.327391363179228,-0.0572802274827655,1.75127452709189,0.649910400602362,2.4788998813829,0.460317769595097,0.480081053999924,0.10783925774993,1.07003889737901,0.549242464667623,3.03245096299553
"370",0.386287073915011,2.63434765077896,0.0681581675298686,-1.49922877058485,0.477204363517236,1.05703817165522,0.527942931691178,3.29367689220572,-0.250419727258108,-1.34524228009311,0.485702406865696,1.01023439071132
"371",0.343293108837624,3.42913458809679,-2.5139153379936,2.97624428835912,0.754005841135213,3.90451326849307,0.318002139359218,3.58877630973984,-0.197984752322533,2.18247558083929,0.606367464315463,5.93499976010591
"372",0.578403526801532,2.99127166869935,3.29339398813985,0.638686950532865,0.136202598253192,3.15399916893304,0.539834370519983,2.45475736030922,2.86400470100799,0.620718286726105,0.289020500475114,1.35104018009287
"373",0.91129079595371,3.66145313504403,-2.22982744802279,-2.62888414715689,0.145422222439109,4.88737903801356,0.788347065803718,3.96702122595198,-2.02746570739572,-2.24388383986365,0.319131981351637,2.01678966673825
"374",0.44514511333172,2.77835254350188,1.9572846825248,-1.54877795228508,0.121731954130518,3.43118101041751,0.48067270509823,1.52434704947246,1.84339219545058,-1.38358720729584,0.21250583629502,1.85689426137479
"375",0.516091763888897,1.97148514048228,-0.962338577146283,0.179134875846537,0.750894432159233,2.47918830265035,0.573884523172054,1.95838775168738,-0.207208870128408,0.0772195590018596,0.585276818286774,4.34321961655984
"376",0.229238340133864,2.83157822621693,1.51854002027631,0.802950920916445,0.961251828642817,4.69131056075797,0.223167915670505,2.67550202815094,0.696338099554062,0.804454068699301,0.607840321504966,5.66869255416897
"377",0.0233868774593491,1.66718474303523,-1.56972771255675,2.17819456026528,0.81677305217487,3.49566946687793,0.500000000029839,0.999999998954586,-1.2892417564445e-09,1.34099687808096e-10,0.500000000133854,1.99999998534482
"378",0.380822587366999,2.45516305172233,2.38968925824701,-1.59532937480229,0.774598910125357,3.11615118049258,0.412150239952842,3.20639321238576,1.76800241032381,-1.51022682609405,0.559151113393227,3.7328391705767
"379",0.747824195200444,3.09977168473169,-3.48922016068897,-2.99379451738565,0.103368773770643,1.76997524853395,0.695151075114764,3.04918744782174,-2.58303866759495,-2.64054956469863,0.136358080961158,1.36430941716613
"380",0.815479577245345,3.37053081581301,0.285284262642486,0.131491372923136,0.869877313739816,2.75621646456428,0.625293374521698,3.53765954828878,-0.0868840611587158,0.112687842368494,0.570738035676168,3.80357386692403
"381",0.0954100336657348,0.412046787807345,3.55599247960998,1.11261099901822,0.751385623555961,1.34314563651792,0.444046631683883,0.627203145125883,2.44818246212468,0.0124821045515165,0.562297670705103,1.40381154057533
"382",0.0486941420731685,0.167494721036401,-3.22825724714749,2.38475429535146,0.495096933765448,4.48891692753436,0.500000000029839,0.999999998954586,-1.2892417564445e-09,1.34099687808096e-10,0.500000000133854,1.99999998534482
"383",0.238761736175799,0.551774619912663,3.21514718612947,-2.80008129972186,0.860403749824214,3.3609810272708,0.352645569351673,0.72583221760426,2.63171911212609,-2.03662205893682,0.577773562290921,4.15496508475867
"384",0.180521268192571,1.27702518734961,1.14967009953417,-0.666405732693155,0.115044665909344,4.77376801107402,0.519272706999272,0.758408605238804,1.19680587667371,-0.0194770535028494,0.249213827289382,2.1287050921261
"385",0.771385664970115,0.73697569474786,1.54450607174248,0.17128201246664,0.156314052163542,4.49158957745899,0.561426528025129,0.751396256803704,1.4803928833475,0.25625526646215,0.311412791063664,2.12512993605797
"386",0.306458645927458,0.110348720823895,3.63869052752577,2.80017405866049,0.695436904561283,4.46696068803149,0.502290165366049,0.68235401442024,3.30139691497869,-0.563521978224439,0.583035458664109,4.77697905684218
"387",0.179056135515533,1.89675605845288,-1.14444434245495,0.318923586405788,0.405642556703958,2.48854706470047,0.51599536557862,0.95362072526673,-0.37970875290809,-0.493844747830931,0.523016089681647,2.4655033995755
"388",0.183718558952365,0.672111912196072,0.956914350883419,1.96517227443538,0.728044430158769,1.67336890427738,0.1783690590456,0.839045072008783,1.15207037331723,1.2054179001646,0.745514814110227,1.59258655669261
"389",0.933443667836841,0.723981445282813,-1.92806385341417,1.89469199838744,0.341109199297131,1.03227511835517,0.532088124503249,1.00909000506696,-1.01420777324323,0.550113640156631,0.428654472510425,0.892314369997303
"390",0.819845716612405,3.43927127338021,-2.14867860707049,-2.34052375453593,0.698115940656141,3.64314630811429,0.811624307700393,3.36287299762594,-1.22677469765676,-2.31198519910523,0.59579160096943,4.90469502463962
"391",0.672913976712501,0.186388392393996,0.769073424987949,0.373780237328622,0.0377735908299851,2.20470644585845,0.494516615349979,0.722016453788064,0.858244704894454,-0.558549602900221,0.0586572681827359,1.49009730005823
"392",0.973563755491054,0.986096210737458,1.76041190043586,-2.35699566922269,0.297788301934779,2.17954979913841,0.697152844439484,1.15299719476867,1.67683620726532,-2.05464629108039,0.299321615494393,2.01458953268779
"393",0.755134821979781,1.54486442833145,2.14016734279168,-2.85103783046739,0.728352264967231,2.63300312334297,0.709665193236667,1.77945131735205,1.80695300387388,-2.45435149545473,0.534334590690572,3.14239257385578
"394",0.871959141711358,1.43203940448654,3.27245965048434,1.92871850371177,0.284467953354037,4.93174533742231,0.754239309339864,1.48272427692585,2.93426239582762,1.62291513277082,0.506113514284489,2.51694177810223
"395",0.1264203463477,2.08151719605915,0.718749432961569,0.675063898161539,0.814728575962121,1.33454797146702,0.368077006023487,1.14608815422634,0.522005711203183,1.01953806842614,0.705159357086898,1.37002090413121
"396",0.797150033110415,0.971334488756306,-3.75542835103808,1.06894355312655,0.0579652423583293,4.40903985408936,0.556364674490275,1.01229402447164,-1.03630727552375,1.15773976072976,0.697024709417492,0.466670401632885
"397",0.0469587458178653,1.1199484757075,1.87957602284812,-2.45051222244101,0.561360169396765,2.93737824608636,0.208142660833874,0.857523673036236,1.79854022221267,-1.69111539501941,0.498156850543506,3.10008008267197
"398",0.143793852816842,3.16125803046625,0.204543614902331,-2.61724102287871,0.387945785060276,4.89854578154173,0.141688633475388,3.28834567918508,0.153356023635489,-2.46444348810305,0.533306958109983,3.19297821506952
"399",0.49172898006622,3.60595981926719,-0.785745644483866,2.80127904854693,0.141524579224438,4.94700548477739,0.493299919357706,3.94198405058875,-0.387093730320618,2.48128221368145,0.451585950315641,1.47895070407881
"400",0.405845841419868,2.12684194865005,-2.61906692647097,-1.2249742931,0.0249466089322964,4.53043751491919,0.343941302315347,2.18619844355229,-1.84032550486171,-0.972146206906009,0.151175010574223,0.773636700550615
